№;Номер вагона ;Код прием;Станция операции;Груженый;Крит др;Дата постан.;Наименование груза;Дата окончания;№ жд накладной;Разметка;Статус осмотра;Коментарий
1;52619319;131/се1;ТА;Да;;24.09.2020 11:20;Вагоны железнодорожные порожние, перевозимые на своих осях, пересылаемые в ремонт или из ремонта;25.09.2020 11:20;АМ 105967;;Годен;
2;29282795;131/се1;ТА;Да;;25.09.2020 11:20;ГЛИНОЗЕМ;26.09.2020 11:20;АМ 105967;;Годен;
3;52658689;131/се1;ТА;Да;;26.09.2020 11:20;ШРОТ КОРМОВОЙ, НЕ ПОИМЕНОВАННЫЙ В АЛФАВИТЕ;27.09.2020 11:20;АМ 105967;;Годен;
4;28830743;131/се1;ТА;Да;;27.09.2020 11:20;ЖМЫХИ;28.09.2020 11:20;АМ 105967;;Годен;
5;55000541;131/се1;ТА;Да;;28.09.2020 11:20;ВАГОНЫ ЖЕЛЕЗНОДОРОЖНЫЕ ВСЯКИЕ, ПЕРЕВОЗИМЫЕ НА СВОИХ ОСЯХ;29.09.2020 11:20;АМ 105967;;Годен;
6;59947762;131/се1;ТА;Да;;29.09.2020 11:20;ЗЕРНО БОБОВ;30.09.2020 11:20;АМ 105967;;Годен;
7;53260238;131/се1;ТА;Да;;30.09.2020 11:20;ВАГОНЫ ЖЕЛЕЗНОДОРОЖНЫЕ ВСЯКИЕ, ПЕРЕВОЗИМЫЕ НА СВОИХ ОСЯХ;01.10.2020 11:20;АМ 105967;;Годен;
8;55000285;131/се1;ТА;Да;;01.10.2020 11:20;ПШЕНИЦА;02.10.2020 11:20;АМ 105967;;Годен;
9;53259008;131/се1;ТА;Да;;02.10.2020 11:20;СЕМЕНА МАСЛИЧНЫХ КУЛЬТУР, НЕ ПОИМЕНОВАННЫЕ В АЛФАВИТЕ;03.10.2020 11:20;АМ 105967;;Годен;
10;59947739;131/се1;ТА;Да;;03.10.2020 11:20;ВАГОНЫ ЖЕЛЕЗНОДОРОЖНЫЕ ВСЯКИЕ, ПЕРЕВОЗИМЫЕ НА СВОИХ ОСЯХ;04.10.2020 11:20;АМ 105967;;Годен;
11;55000673;131/се1;ТА;Да;;04.10.2020 11:20;ЖМЫХИ;05.10.2020 11:20;АМ 105967;;Годен;
12;53258935;131/се1;ТА;Да;;05.10.2020 11:20;Вагоны железнодорожные порожние, перевозимые на своих осях, пересылаемые для очистки, промывки или дезинфекции или из очистки, промывки или дезинфекции;06.10.2020 11:20;АМ 105967;;Годен;
13;53259164;131/се1;ТА;Да;;06.10.2020 11:20;ШРОТ КОРМОВОЙ, НЕ ПОИМЕНОВАННЫЙ В АЛФАВИТЕ;07.10.2020 11:20;АМ 105967;;Годен;
14;53258851;131/се1;ТА;Да;;07.10.2020 11:20;Вагоны железнодорожные порожние, перевозимые на своих осях, пересылаемые для очистки, промывки или дезинфекции или из очистки, промывки или дезинфекции;08.10.2020 11:20;АМ 105967;;Годен;
15;53260113;131/се1;ТА;Да;;08.10.2020 11:20;ВАГОНЫ ЖЕЛЕЗНОДОРОЖНЫЕ ВСЯКИЕ, ПЕРЕВОЗИМЫЕ НА СВОИХ ОСЯХ;09.10.2020 11:20;АМ 105967;;Годен;
16;53259412;131/се1;БТ;Да;;09.10.2020 11:20;ШРОТ КОРМОВОЙ, НЕ ПОИМЕНОВАННЫЙ В АЛФАВИТЕ;10.10.2020 11:20;АМ 105967;;Годен;
17;59947408;131/се1;БТ;Да;;10.10.2020 11:20;ШРОТ КОРМОВОЙ, НЕ ПОИМЕНОВАННЫЙ В АЛФАВИТЕ;11.10.2020 11:20;АМ 105967;;Годен;
18;53259107;131/се1;БТ;Да;;11.10.2020 11:20;ВАГОНЫ ЖЕЛЕЗНОДОРОЖНЫЕ ВСЯКИЕ, ПЕРЕВОЗИМЫЕ НА СВОИХ ОСЯХ;12.10.2020 11:20;АМ 105967;;Годен;
19;59947440;131/се1;БТ;Да;;12.10.2020 11:20;ШРОТ КОРМОВОЙ, НЕ ПОИМЕНОВАННЫЙ В АЛФАВИТЕ;13.10.2020 11:20;АМ 105967;;Годен;
20;59453332;131/се1;БТ;Да;;13.10.2020 11:20;Вагоны железнодорожные порожние, перевозимые на своих осях, пересылаемые для очистки, промывки или дезинфекции или из очистки, промывки или дезинфекции;14.10.2020 11:20;АМ 105967;;Годен;
21;59947275;131/се1;БТ;Да;;14.10.2020 11:20;ШРОТ КОРМОВОЙ, НЕ ПОИМЕНОВАННЫЙ В АЛФАВИТЕ;15.10.2020 11:20;АМ 105967;;Годен;
22;59948018;131/се1;БТ;Да;;15.10.2020 11:20;Вагоны железнодорожные порожние, перевозимые на своих осях, пересылаемые в ремонт или из ремонта;16.10.2020 11:20;АМ 105967;;Годен;
23;59453191;131/се1;БТ;Да;;16.10.2020 11:20;ШРОТ КОРМОВОЙ, НЕ ПОИМЕНОВАННЫЙ В АЛФАВИТЕ;17.10.2020 11:20;АМ 105967;;Годен;
24;55000558;131/се1;БТ;Да;;17.10.2020 11:20;СЕМЕНА МАСЛИЧНЫХ КУЛЬТУР, НЕ ПОИМЕНОВАННЫЕ В АЛФАВИТЕ;18.10.2020 11:20;АМ 105967;;Годен;
25;59948059;131/се1;БТ;Да;;18.10.2020 11:20;ВАГОНЫ ЖЕЛЕЗНОДОРОЖНЫЕ ВСЯКИЕ, ПЕРЕВОЗИМЫЕ НА СВОИХ ОСЯХ;19.10.2020 11:20;АМ 105967;;Годен;
26;59947929;131/се1;БТ;Да;;19.10.2020 11:20;ЖМЫХИ;20.10.2020 11:20;АМ 105967;;Годен;
27;59947143;131/се1;БТ;Да;;20.10.2020 11:20;ЗЕРНО БОБОВ;21.10.2020 11:20;АМ 105967;;Годен;
28;59948109;131/се1;БТ;Да;;21.10.2020 11:20;Вагоны железнодорожные порожние, перевозимые на своих осях, пересылаемые в ремонт или из ремонта;22.10.2020 11:20;АМ 105967;;Годен;
29;53260121;131/се1;БТ;Да;;22.10.2020 11:20;ВАГОНЫ ЖЕЛЕЗНОДОРОЖНЫЕ ВСЯКИЕ, ПЕРЕВОЗИМЫЕ НА СВОИХ ОСЯХ;23.10.2020 11:20;АМ 105967;;Годен;
30;59453027;131/се1;БТ;Да;;23.10.2020 11:20;ВАГОНЫ ЖЕЛЕЗНОДОРОЖНЫЕ ВСЯКИЕ, ПЕРЕВОЗИМЫЕ НА СВОИХ ОСЯХ;24.10.2020 11:20;АМ 105967;;Годен;
31;59947549;131/се1;БТ;Да;;24.10.2020 11:20;ШРОТ КОРМОВОЙ, НЕ ПОИМЕНОВАННЫЙ В АЛФАВИТЕ;25.10.2020 11:20;АМ 105967;;Годен;
32;53258943;131/се1;БТ;Да;;25.10.2020 11:20;ВАГОНЫ ЖЕЛЕЗНОДОРОЖНЫЕ ВСЯКИЕ, ПЕРЕВОЗИМЫЕ НА СВОИХ ОСЯХ;26.10.2020 11:20;АМ 105967;;Годен;
33;59453480;131/се1;БТ;Да;;26.10.2020 11:20;ВАГОНЫ ЖЕЛЕЗНОДОРОЖНЫЕ ВСЯКИЕ, ПЕРЕВОЗИМЫЕ НА СВОИХ ОСЯХ;27.10.2020 11:20;АМ 105967;;Годен;
34;59946723;131/се1;БТ;Да;;27.10.2020 11:20;Вагоны железнодорожные порожние, перевозимые на своих осях, пересылаемые для очистки, промывки или дезинфекции или из очистки, промывки или дезинфекции;28.10.2020 11:20;АМ 105967;;Годен;
35;59453324;131/се1;БТ;Да;;28.10.2020 11:20;СЕМЕНА МАСЛИЧНЫХ КУЛЬТУР, НЕ ПОИМЕНОВАННЫЕ В АЛФАВИТЕ;29.10.2020 11:20;АМ 105967;;Годен;
36;53259271;131/се1;БТ;Да;;29.10.2020 11:20;ШРОТ КОРМОВОЙ, НЕ ПОИМЕНОВАННЫЙ В АЛФАВИТЕ;30.10.2020 11:20;АМ 105967;;Годен;
37;59453159;131/се1;БТ;Да;;30.10.2020 11:20;Вагоны железнодорожные порожние, перевозимые на своих осях, пересылаемые в ремонт или из ремонта;31.10.2020 11:20;АМ 105967;;Годен;
38;59948174;131/се1;БТ;Да;;31.10.2020 11:20;Вагоны железнодорожные порожние, перевозимые на своих осях, пересылаемые в ремонт или из ремонта;01.11.2020 11:20;АМ 105967;;Годен;
39;55000392;131/се1;БТ;Да;;01.11.2020 11:20;ВАГОНЫ ЖЕЛЕЗНОДОРОЖНЫЕ ВСЯКИЕ, ПЕРЕВОЗИМЫЕ НА СВОИХ ОСЯХ;02.11.2020 11:20;АМ 105967;;Годен;
40;55000517;131/се1;БТ;Да;;02.11.2020 11:20;ГЛИНОЗЕМ;03.11.2020 11:20;АМ 105967;;Годен;
41;59947648;131/се1;БТ;Да;;03.11.2020 11:20;ВАГОНЫ ЖЕЛЕЗНОДОРОЖНЫЕ ВСЯКИЕ, ПЕРЕВОЗИМЫЕ НА СВОИХ ОСЯХ;04.11.2020 11:20;АМ 105967;;Годен;
42;53259222;131/се1;БТ;Да;;04.11.2020 11:20;ЖМЫХИ;05.11.2020 11:20;АМ 105967;;Годен;
43;53259438;131/се1;БТ;Да;;05.11.2020 11:20;ВАГОНЫ ЖЕЛЕЗНОДОРОЖНЫЕ ВСЯКИЕ, ПЕРЕВОЗИМЫЕ НА СВОИХ ОСЯХ;06.11.2020 11:20;АМ 105967;;Годен;
44;59947812;131/се1;БТ;Да;;06.11.2020 11:20;ВАГОНЫ ЖЕЛЕЗНОДОРОЖНЫЕ ВСЯКИЕ, ПЕРЕВОЗИМЫЕ НА СВОИХ ОСЯХ;07.11.2020 11:20;АМ 105967;;Годен;
45;53259040;131/се1;БТ;Да;;07.11.2020 11:20;ШРОТ КОРМОВОЙ, НЕ ПОИМЕНОВАННЫЙ В АЛФАВИТЕ;08.11.2020 11:20;АМ 105967;;Годен;
46;59946814;131/се1;БТ;Да;;08.11.2020 11:20;СЕМЕНА МАСЛИЧНЫХ КУЛЬТУР, НЕ ПОИМЕНОВАННЫЕ В АЛФАВИТЕ;09.11.2020 11:20;АМ 105967;;Годен;
47;53260287;131/се1;БТ;Да;;09.11.2020 11:20;ШРОТ КОРМОВОЙ, НЕ ПОИМЕНОВАННЫЙ В АЛФАВИТЕ;10.11.2020 11:20;АМ 105967;;Годен;
48;59948158;131/се1;БТ;Да;;10.11.2020 11:20;ЗЕРНО БОБОВ;11.11.2020 11:20;АМ 105967;;Годен;
49;53259172;131/се1;БТ;Да;;11.11.2020 11:20;ЖМЫХИ;12.11.2020 11:20;АМ 105967;;Годен;
50;55000640;131/се1;БТ;Да;;12.11.2020 11:20;ШРОТ КОРМОВОЙ, НЕ ПОИМЕНОВАННЫЙ В АЛФАВИТЕ;13.11.2020 11:20;АМ 105967;;Годен;
51;55000947;131/се1;БТ;Да;;13.11.2020 11:20;Вагоны железнодорожные порожние, перевозимые на своих осях, пересылаемые для очистки, промывки или дезинфекции или из очистки, промывки или дезинфекции;14.11.2020 11:20;АМ 105967;;Годен;
52;59946665;131/се1;БТ;Да;;14.11.2020 11:20;Вагоны железнодорожные порожние, перевозимые на своих осях, пересылаемые в ремонт или из ремонта;15.11.2020 11:20;АМ 105967;;Годен;
53;59453050;131/се1;БТ;Да;;15.11.2020 11:20;СЕМЕНА МАСЛИЧНЫХ КУЛЬТУР, НЕ ПОИМЕНОВАННЫЕ В АЛФАВИТЕ;16.11.2020 11:20;АМ 105967;;Годен;
54;59947911;131/се1;БТ;Да;;16.11.2020 11:20;Вагоны железнодорожные порожние, перевозимые на своих осях, пересылаемые для очистки, промывки или дезинфекции или из очистки, промывки или дезинфекции;17.11.2020 11:20;АМ 105967;;Годен;
55;53259016;131/се1;БТ;Да;;17.11.2020 11:20;ВАГОНЫ ЖЕЛЕЗНОДОРОЖНЫЕ ВСЯКИЕ, ПЕРЕВОЗИМЫЕ НА СВОИХ ОСЯХ;18.11.2020 11:20;АМ 105967;;Годен;
56;55000913;131/се1;БТ;Да;;18.11.2020 11:20;Вагоны железнодорожные порожние, перевозимые на своих осях, пересылаемые в ремонт или из ремонта;19.11.2020 11:20;АМ 105967;;Годен;
57;59947333;131/се1;БТ;Да;;19.11.2020 11:20;Вагоны железнодорожные порожние, перевозимые на своих осях, пересылаемые для очистки, промывки или дезинфекции или из очистки, промывки или дезинфекции;20.11.2020 11:20;АМ 105967;;Годен;
58;59948224;131/се1;БТ;Да;;20.11.2020 11:20;ГЛИНОЗЕМ;21.11.2020 11:20;АМ 105967;;Годен;
59;59947978;131/се1;БТ;Да;;21.11.2020 11:20;Вагоны железнодорожные порожние, перевозимые на своих осях, пересылаемые в ремонт или из ремонта;22.11.2020 11:20;АМ 105967;;Годен;
60;59453043;131/се1;БТ;Да;;22.11.2020 11:20;Вагоны железнодорожные порожние, перевозимые на своих осях, пересылаемые для очистки, промывки или дезинфекции или из очистки, промывки или дезинфекции;23.11.2020 11:20;АМ 105967;;Годен;
61;59948166;131/се1;БТ;Да;;23.11.2020 11:20;ВАГОНЫ ЖЕЛЕЗНОДОРОЖНЫЕ ВСЯКИЕ, ПЕРЕВОЗИМЫЕ НА СВОИХ ОСЯХ;24.11.2020 11:20;АМ 105967;;Годен;
62;59946707;131/се1;БТ;Да;;24.11.2020 11:20;Вагоны железнодорожные порожние, перевозимые на своих осях, пересылаемые для очистки, промывки или дезинфекции или из очистки, промывки или дезинфекции;25.11.2020 11:20;АМ 105967;;Годен;
63;55000863;131/се1;БТ;Да;;25.11.2020 11:20;ШРОТ, СОДЕРЖАЩИЙ НЕ БОЛЕЕ 1,5% МАСЛА И НЕ БОЛЕЕ 11% ВЛАГИ;26.11.2020 11:20;АМ 105967;;Годен;
64;59948133;131/се1;БТ;Да;;26.11.2020 11:20;ШРОТ КОРМОВОЙ, НЕ ПОИМЕНОВАННЫЙ В АЛФАВИТЕ;27.11.2020 11:20;АМ 105967;;Годен;
65;59948000;131/се1;БТ;Да;;27.11.2020 11:20;ШРОТ КОРМОВОЙ, НЕ ПОИМЕНОВАННЫЙ В АЛФАВИТЕ;28.11.2020 11:20;АМ 105967;;Годен;
66;59453415;131/се1;БТ;Да;;28.11.2020 11:20;Вагоны железнодорожные порожние, перевозимые на своих осях, пересылаемые для очистки, промывки или дезинфекции или из очистки, промывки или дезинфекции;29.11.2020 11:20;АМ 105967;;Годен;
67;53259289;131/се1;БТ;Да;;29.11.2020 11:20;ВАГОНЫ ЖЕЛЕЗНОДОРОЖНЫЕ ВСЯКИЕ, ПЕРЕВОЗИМЫЕ НА СВОИХ ОСЯХ;30.11.2020 11:20;АМ 105967;;Годен;
68;55000582;131/се1;БТ;Да;;30.11.2020 11:20;ШРОТ КОРМОВОЙ, НЕ ПОИМЕНОВАННЫЙ В АЛФАВИТЕ;01.12.2020 11:20;АМ 105967;;Годен;
69;59948034;131/се1;БТ;Да;;01.12.2020 11:20;ВАГОНЫ ЖЕЛЕЗНОДОРОЖНЫЕ ВСЯКИЕ, ПЕРЕВОЗИМЫЕ НА СВОИХ ОСЯХ;02.12.2020 11:20;АМ 105967;;Годен;
70;55000970;131/се1;БТ;Да;;02.12.2020 11:20;ЖМЫХИ;03.12.2020 11:20;АМ 105967;;Годен;
71;59946715;131/се1;БТ;Да;;03.12.2020 11:20;ГЛИНОЗЕМ;04.12.2020 11:20;АМ 105967;;Годен;
72;55000509;131/се1;БТ;Да;;04.12.2020 11:20;Вагоны железнодорожные порожние, перевозимые на своих осях, пересылаемые для очистки, промывки или дезинфекции или из очистки, промывки или дезинфекции;05.12.2020 11:20;АМ 105967;;Годен;
73;59947788;131/се1;БТ;Да;;05.12.2020 11:20;ВАГОНЫ ЖЕЛЕЗНОДОРОЖНЫЕ ВСЯКИЕ, ПЕРЕВОЗИМЫЕ НА СВОИХ ОСЯХ;06.12.2020 11:20;АМ 105967;;Годен;
74;53259214;131/се1;БТ;Да;;06.12.2020 11:20;Вагоны железнодорожные порожние, перевозимые на своих осях, пересылаемые в ремонт или из ремонта;07.12.2020 11:20;АМ 105967;;Годен;
75;53260212;131/се1;БТ;Да;;07.12.2020 11:20;ЗЕРНО БОБОВ;08.12.2020 11:20;АМ 105967;;Годен;
76;59452920;131/се1;БТ;Да;;08.12.2020 11:20;СЕМЕНА МАСЛИЧНЫХ КУЛЬТУР, НЕ ПОИМЕНОВАННЫЕ В АЛФАВИТЕ;09.12.2020 11:20;АМ 105967;;Годен;
77;59947598;131/се1;БТ;Да;;09.12.2020 11:20;ВАГОНЫ ЖЕЛЕЗНОДОРОЖНЫЕ ВСЯКИЕ, ПЕРЕВОЗИМЫЕ НА СВОИХ ОСЯХ;10.12.2020 11:20;АМ 105967;;Годен;
78;59946798;131/се1;БТ;Да;;10.12.2020 11:20;ШРОТ КОРМОВОЙ, НЕ ПОИМЕНОВАННЫЙ В АЛФАВИТЕ;11.12.2020 11:20;АМ 105967;;Годен;
79;55000871;131/се1;БТ;Да;;11.12.2020 11:20;ВАГОНЫ ЖЕЛЕЗНОДОРОЖНЫЕ ВСЯКИЕ, ПЕРЕВОЗИМЫЕ НА СВОИХ ОСЯХ;12.12.2020 11:20;АМ 105967;;Годен;
80;59946921;131/се1;БТ;Да;;12.12.2020 11:20;Вагоны железнодорожные порожние, перевозимые на своих осях, пересылаемые в ремонт или из ремонта;13.12.2020 11:20;АМ 105967;;Годен;
81;59452979;131/се1;БТ;Да;;13.12.2020 11:20;СЕМЕНА МАСЛИЧНЫХ КУЛЬТУР, НЕ ПОИМЕНОВАННЫЕ В АЛФАВИТЕ;14.12.2020 11:20;АМ 105967;;Годен;
82;59948067;131/се1;БТ;Да;;14.12.2020 11:20;Вагоны железнодорожные порожние, перевозимые на своих осях, пересылаемые в ремонт или из ремонта;15.12.2020 11:20;АМ 105967;;Годен;
83;53259404;131/се1;БТ;Да;;15.12.2020 11:20;ПШЕНИЦА;16.12.2020 11:20;АМ 105967;;Годен;
84;53259180;131/се1;БТ;Да;;16.12.2020 11:20;ВАГОНЫ ЖЕЛЕЗНОДОРОЖНЫЕ ВСЯКИЕ, ПЕРЕВОЗИМЫЕ НА СВОИХ ОСЯХ;17.12.2020 11:20;АМ 105967;;Годен;
85;55000368;131/се1;БТ;Да;;17.12.2020 11:20;ШРОТ КОРМОВОЙ, НЕ ПОИМЕНОВАННЫЙ В АЛФАВИТЕ;18.12.2020 11:20;АМ 105967;;Годен;
86;59947325;131/се1;БТ;Да;;18.12.2020 11:20;Вагоны железнодорожные порожние, перевозимые на своих осях, пересылаемые в ремонт или из ремонта;19.12.2020 11:20;АМ 105967;;Годен;
87;55000426;131/се1;БТ;Да;;19.12.2020 11:20;ПШЕНИЦА;20.12.2020 11:20;АМ 105967;;Годен;
88;53260311;131/се1;БТ;Да;;20.12.2020 11:20;ВАГОНЫ ЖЕЛЕЗНОДОРОЖНЫЕ ВСЯКИЕ, ПЕРЕВОЗИМЫЕ НА СВОИХ ОСЯХ;21.12.2020 11:20;АМ 105967;;Годен;
89;53259560;131/се1;БТ;Да;;21.12.2020 11:20;Вагоны железнодорожные порожние, перевозимые на своих осях, пересылаемые для очистки, промывки или дезинфекции или из очистки, промывки или дезинфекции;22.12.2020 11:20;АМ 105967;;Годен;
90;55001028;131/се1;БТ;Да;;22.12.2020 11:20;Вагоны железнодорожные порожние, перевозимые на своих осях, пересылаемые для очистки, промывки или дезинфекции или из очистки, промывки или дезинфекции;23.12.2020 11:20;АМ 105967;;Годен;
91;59947010;131/се1;БТ;Да;;23.12.2020 11:20;ВАГОНЫ ЖЕЛЕЗНОДОРОЖНЫЕ ВСЯКИЕ, ПЕРЕВОЗИМЫЕ НА СВОИХ ОСЯХ;24.12.2020 11:20;АМ 105967;;Годен;
92;59453472;131/се1;БТ;Да;;24.12.2020 11:20;ВАГОНЫ ЖЕЛЕЗНОДОРОЖНЫЕ ВСЯКИЕ, ПЕРЕВОЗИМЫЕ НА СВОИХ ОСЯХ;25.12.2020 11:20;АМ 105967;;Годен;
93;55000343;131/се1;БТ;Да;;25.12.2020 11:20;ШРОТ КОРМОВОЙ, НЕ ПОИМЕНОВАННЫЙ В АЛФАВИТЕ;26.12.2020 11:20;АМ 105967;;Годен;
94;59946681;131/се1;БТ;Да;;26.12.2020 11:20;ЖМЫХИ;27.12.2020 11:20;АМ 105967;;Годен;
95;53258927;131/се1;БТ;Да;;27.12.2020 11:20;ВАГОНЫ ЖЕЛЕЗНОДОРОЖНЫЕ ВСЯКИЕ, ПЕРЕВОЗИМЫЕ НА СВОИХ ОСЯХ;28.12.2020 11:20;АМ 105967;;Годен;
96;53260105;131/се1;БТ;Да;;28.12.2020 11:20;ЖМЫХИ;29.12.2020 11:20;АМ 105967;;Годен;
97;55000384;131/се1;БТ;Да;;29.12.2020 11:20;Вагоны железнодорожные порожние, перевозимые на своих осях, пересылаемые в ремонт или из ремонта;30.12.2020 11:20;АМ 105967;;Годен;
98;53260204;131/се1;БТ;Да;;30.12.2020 11:20;ШРОТ КОРМОВОЙ, НЕ ПОИМЕНОВАННЫЙ В АЛФАВИТЕ;31.12.2020 11:20;АМ 105967;;Годен;
99;59947234;131/се1;БТ;Да;;31.12.2020 11:20;СЕМЕНА МАСЛИЧНЫХ КУЛЬТУР, НЕ ПОИМЕНОВАННЫЕ В АЛФАВИТЕ;01.01.2021 11:20;АМ 105967;;Годен;
100;59453118;131/се1;БТ;Да;;01.01.2021 11:20;ВАГОНЫ ЖЕЛЕЗНОДОРОЖНЫЕ ВСЯКИЕ, ПЕРЕВОЗИМЫЕ НА СВОИХ ОСЯХ;02.01.2021 11:20;АМ 105967;;Годен;
101;59947119;131/се1;БТ;Да;;02.01.2021 11:20;Вагоны железнодорожные порожние, перевозимые на своих осях, пересылаемые в ремонт или из ремонта;03.01.2021 11:20;АМ 105967;;Годен;
102;59947960;131/се1;БТ;Да;;03.01.2021 11:20;ВАГОНЫ ЖЕЛЕЗНОДОРОЖНЫЕ ВСЯКИЕ, ПЕРЕВОЗИМЫЕ НА СВОИХ ОСЯХ;04.01.2021 11:20;АМ 105967;;Годен;
103;59947713;131/се1;БТ;Да;;04.01.2021 11:20;Вагоны железнодорожные порожние, перевозимые на своих осях, пересылаемые в ремонт или из ремонта;05.01.2021 11:20;АМ 105967;;Годен;
104;59947705;131/се1;БТ;Да;;05.01.2021 11:20;Вагоны железнодорожные порожние, перевозимые на своих осях, пересылаемые в ремонт или из ремонта;06.01.2021 11:20;АМ 105967;;Годен;
105;55000749;131/се1;БТ;Да;;06.01.2021 11:20;ЗЕРНО БОБОВ;07.01.2021 11:20;АМ 105967;;Годен;
106;59947838;131/се1;БТ;Да;;07.01.2021 11:20;Вагоны железнодорожные порожние, перевозимые на своих осях, пересылаемые для очистки, промывки или дезинфекции или из очистки, промывки или дезинфекции;08.01.2021 11:20;АМ 105967;;Годен;
107;59946764;131/се1;БТ;Да;;08.01.2021 11:20;СЕМЕНА МАСЛИЧНЫХ КУЛЬТУР, НЕ ПОИМЕНОВАННЫЕ В АЛФАВИТЕ;09.01.2021 11:20;АМ 105967;;Годен;
108;59452961;131/се1;БТ;Да;;09.01.2021 11:20;ЗЕРНО БОБОВ;10.01.2021 11:20;АМ 105967;;Годен;
109;59946657;131/се1;БТ;Да;;10.01.2021 11:20;СЕМЕНА МАСЛИЧНЫХ КУЛЬТУР, НЕ ПОИМЕНОВАННЫЕ В АЛФАВИТЕ;11.01.2021 11:20;АМ 105967;;Годен;
110;53259511;131/се1;БТ;Да;;11.01.2021 11:20;ШРОТ КОРМОВОЙ, НЕ ПОИМЕНОВАННЫЙ В АЛФАВИТЕ;12.01.2021 11:20;АМ 105967;;Годен;
111;59948190;131/се1;БТ;Да;;12.01.2021 11:20;Вагоны железнодорожные порожние, перевозимые на своих осях, пересылаемые в ремонт или из ремонта;13.01.2021 11:20;АМ 105967;;Годен;
112;53260188;131/се1;БТ;Да;;13.01.2021 11:20;Вагоны железнодорожные порожние, перевозимые на своих осях, пересылаемые для очистки, промывки или дезинфекции или из очистки, промывки или дезинфекции;14.01.2021 11:20;АМ 105967;;Годен;
113;59453365;131/се1;БТ;Да;;14.01.2021 11:20;СЕМЕНА МАСЛИЧНЫХ КУЛЬТУР, НЕ ПОИМЕНОВАННЫЕ В АЛФАВИТЕ;15.01.2021 11:20;АМ 105967;;Годен;
114;55000707;131/се1;БТ;Да;;15.01.2021 11:20;ЯЧМЕНЬ;16.01.2021 11:20;АМ 105967;;Годен;
115;55000764;131/се1;БТ;Да;;16.01.2021 11:20;ВАГОНЫ ЖЕЛЕЗНОДОРОЖНЫЕ ВСЯКИЕ, ПЕРЕВОЗИМЫЕ НА СВОИХ ОСЯХ;17.01.2021 11:20;АМ 105967;;Годен;
116;59453076;131/се1;БТ;Да;;17.01.2021 11:20;Вагоны железнодорожные порожние, перевозимые на своих осях, пересылаемые для очистки, промывки или дезинфекции или из очистки, промывки или дезинфекции;18.01.2021 11:20;АМ 105967;;Годен;
117;59947432;131/се1;БТ;Да;;18.01.2021 11:20;ПШЕНИЦА;19.01.2021 11:20;АМ 105967;;Годен;
118;59946848;131/се1;БТ;Да;;19.01.2021 11:20;ФОСФОРИТЫ;20.01.2021 11:20;АМ 105967;;Годен;
119;59946731;131/се1;БТ;Да;;20.01.2021 11:20;ЗЕРНО БОБОВ;21.01.2021 11:20;АМ 105967;;Годен;
120;59946897;131/се1;БТ;Да;;21.01.2021 11:20;ПШЕНИЦА;22.01.2021 11:20;АМ 105967;;Годен;
121;55000905;131/се1;БТ;Да;;22.01.2021 11:20;ВАГОНЫ ЖЕЛЕЗНОДОРОЖНЫЕ ВСЯКИЕ, ПЕРЕВОЗИМЫЕ НА СВОИХ ОСЯХ;23.01.2021 11:20;АМ 105967;;Годен;
122;59946830;131/се1;БТ;Да;;23.01.2021 11:20;ЗЕРНО БОБОВ;24.01.2021 11:20;АМ 105967;;Годен;
123;53259537;131/се1;БТ;Да;;24.01.2021 11:20;ПШЕНИЦА;25.01.2021 11:20;АМ 105967;;Годен;
124;53259552;131/се1;БТ;Да;;25.01.2021 11:20;ШРОТ КОРМОВОЙ, НЕ ПОИМЕНОВАННЫЙ В АЛФАВИТЕ;26.01.2021 11:20;АМ 105967;;Годен;
125;59947259;131/се1;БТ;Да;;26.01.2021 11:20;Вагоны железнодорожные порожние, перевозимые на своих осях, пересылаемые для очистки, промывки или дезинфекции или из очистки, промывки или дезинфекции;27.01.2021 11:20;АМ 105967;;Годен;
126;59948026;131/се1;БТ;Да;;27.01.2021 11:20;СЕМЕНА ЛЬНА;28.01.2021 11:20;АМ 105967;;Годен;
127;59948125;131/се1;БТ;Да;;28.01.2021 11:20;Вагоны железнодорожные порожние, перевозимые на своих осях, пересылаемые для очистки, промывки или дезинфекции или из очистки, промывки или дезинфекции;29.01.2021 11:20;АМ 105967;;Годен;
128;59947564;131/се1;БТ;Да;;29.01.2021 11:20;ШРОТ КОРМОВОЙ, НЕ ПОИМЕНОВАННЫЙ В АЛФАВИТЕ;30.01.2021 11:20;АМ 105967;;Годен;
129;55000814;131/се1;БТ;Да;;30.01.2021 11:20;Вагоны железнодорожные порожние, перевозимые на своих осях, пересылаемые для очистки, промывки или дезинфекции или из очистки, промывки или дезинфекции;31.01.2021 11:20;АМ 105967;;Годен;
130;59947457;131/се1;БТ;Да;;31.01.2021 11:20;Вагоны железнодорожные порожние, перевозимые на своих осях, пересылаемые в ремонт или из ремонта;01.02.2021 11:20;АМ 105967;;Годен;
131;59947804;131/се1;БТ;Да;;01.02.2021 11:20;Вагоны железнодорожные порожние, перевозимые на своих осях, пересылаемые для очистки, промывки или дезинфекции или из очистки, промывки или дезинфекции;02.02.2021 11:20;АМ 105967;;Годен;
132;59947028;131/се1;БТ;Да;;02.02.2021 11:20;Вагоны железнодорожные порожние, перевозимые на своих осях, пересылаемые для очистки, промывки или дезинфекции или из очистки, промывки или дезинфекции;03.02.2021 11:20;АМ 105967;;Годен;
133;59947580;131/се1;БТ;Да;;03.02.2021 11:20;ВАГОНЫ ЖЕЛЕЗНОДОРОЖНЫЕ ВСЯКИЕ, ПЕРЕВОЗИМЫЕ НА СВОИХ ОСЯХ;04.02.2021 11:20;АМ 105967;;Годен;
134;53260303;131/се1;БТ;Да;;04.02.2021 11:20;ВАГОНЫ ЖЕЛЕЗНОДОРОЖНЫЕ ВСЯКИЕ, ПЕРЕВОЗИМЫЕ НА СВОИХ ОСЯХ;05.02.2021 11:20;АМ 105967;;Годен;
135;59453381;131/се1;БТ;Да;;05.02.2021 11:20;ВАГОНЫ ЖЕЛЕЗНОДОРОЖНЫЕ ВСЯКИЕ, ПЕРЕВОЗИМЫЕ НА СВОИХ ОСЯХ;06.02.2021 11:20;АМ 105967;;Годен;
136;55000723;131/се1;БТ;Да;;06.02.2021 11:20;СЕМЕНА МАСЛИЧНЫХ КУЛЬТУР, НЕ ПОИМЕНОВАННЫЕ В АЛФАВИТЕ;07.02.2021 11:20;АМ 105967;;Годен;
137;59947986;131/се1;БТ;Да;;07.02.2021 11:20;Вагоны железнодорожные порожние, перевозимые на своих осях, пересылаемые для очистки, промывки или дезинфекции или из очистки, промывки или дезинфекции;08.02.2021 11:20;АМ 105967;;Годен;
138;59453340;131/се1;БТ;Да;;08.02.2021 11:20;ЖМЫХИ;09.02.2021 11:20;АМ 105967;;Годен;
139;59947002;131/се1;БТ;Да;;09.02.2021 11:20;ВАГОНЫ ЖЕЛЕЗНОДОРОЖНЫЕ ВСЯКИЕ, ПЕРЕВОЗИМЫЕ НА СВОИХ ОСЯХ;10.02.2021 11:20;АМ 105967;;Годен;
140;59947879;131/се1;БТ;Да;;10.02.2021 11:20;ВАГОНЫ ЖЕЛЕЗНОДОРОЖНЫЕ ВСЯКИЕ, ПЕРЕВОЗИМЫЕ НА СВОИХ ОСЯХ;11.02.2021 11:20;АМ 105967;;Годен;
141;59946780;131/се1;БТ;Да;;11.02.2021 11:20;ВАГОНЫ ЖЕЛЕЗНОДОРОЖНЫЕ ВСЯКИЕ, ПЕРЕВОЗИМЫЕ НА СВОИХ ОСЯХ;12.02.2021 11:20;АМ 105967;;Годен;
142;55001010;131/се1;БТ;Да;;12.02.2021 11:20;ЗЕРНО БОБОВ;13.02.2021 11:20;АМ 105967;;Годен;
143;59453019;131/се1;БТ;Да;;13.02.2021 11:20;Вагоны железнодорожные порожние, перевозимые на своих осях, пересылаемые в ремонт или из ремонта;14.02.2021 11:20;АМ 105967;;Годен;
144;55001036;131/се1;БТ;Да;;14.02.2021 11:20;ЖМЫХИ;15.02.2021 11:20;АМ 105967;;Годен;
145;59946806;131/се1;БТ;Да;;15.02.2021 11:20;ВАГОНЫ ЖЕЛЕЗНОДОРОЖНЫЕ ВСЯКИЕ, ПЕРЕВОЗИМЫЕ НА СВОИХ ОСЯХ;16.02.2021 11:20;АМ 105967;;Годен;
146;59946863;131/се1;БТ;Да;;16.02.2021 11:20;ПШЕНИЦА;17.02.2021 11:20;АМ 105967;;Годен;
147;55000798;131/се1;БТ;Да;;17.02.2021 11:20;Вагоны железнодорожные порожние, перевозимые на своих осях, пересылаемые в ремонт или из ремонта;18.02.2021 11:20;АМ 105967;;Годен;
148;53259461;131/се1;БТ;Да;;18.02.2021 11:20;ВАГОНЫ ЖЕЛЕЗНОДОРОЖНЫЕ ВСЯКИЕ, ПЕРЕВОЗИМЫЕ НА СВОИХ ОСЯХ;19.02.2021 11:20;АМ 105967;;Годен;
149;53259263;131/се1;БТ;Да;;19.02.2021 11:20;Вагоны железнодорожные порожние, перевозимые на своих осях, пересылаемые в ремонт или из ремонта;20.02.2021 11:20;АМ 105967;;Годен;
150;53260246;131/се1;БТ;Да;;20.02.2021 11:20;Вагоны железнодорожные порожние, перевозимые на своих осях, пересылаемые в ремонт или из ремонта;21.02.2021 11:20;АМ 105967;;Годен;
151;53260170;131/се1;БТ;Да;;21.02.2021 11:20;ВАГОНЫ ЖЕЛЕЗНОДОРОЖНЫЕ ВСЯКИЕ, ПЕРЕВОЗИМЫЕ НА СВОИХ ОСЯХ;22.02.2021 11:20;АМ 105967;;Годен;
152;59948182;131/се1;БТ;Да;;22.02.2021 11:20;ПРОЧИЕ ГРУЗЫ, НЕ ПОИМЕНОВАННЫЕ В АЛФАВИТЕ;23.02.2021 11:20;АМ 105967;;Годен;
153;55000459;131/се1;БТ;Да;;23.02.2021 11:20;ВАГОНЫ ЖЕЛЕЗНОДОРОЖНЫЕ ВСЯКИЕ, ПЕРЕВОЗИМЫЕ НА СВОИХ ОСЯХ;24.02.2021 11:20;АМ 105967;;Годен;
154;59947572;131/се1;БТ;Да;;24.02.2021 11:20;ВАГОНЫ ЖЕЛЕЗНОДОРОЖНЫЕ ВСЯКИЕ, ПЕРЕВОЗИМЫЕ НА СВОИХ ОСЯХ;25.02.2021 11:20;АМ 105967;;Годен;
155;59453183;131/се1;БТ;Да;;25.02.2021 11:20;ФОСФОРИТЫ;26.02.2021 11:20;АМ 105967;;Годен;
156;59947770;131/се1;БТ;Да;;26.02.2021 11:20;ПШЕНИЦА;27.02.2021 11:20;АМ 105967;;Годен;
157;59453431;131/се1;БТ;Да;;27.02.2021 11:20;ВАГОНЫ ЖЕЛЕЗНОДОРОЖНЫЕ ВСЯКИЕ, ПЕРЕВОЗИМЫЕ НА СВОИХ ОСЯХ;28.02.2021 11:20;АМ 105967;;Годен;
158;53259446;131/се1;БТ;Да;;28.02.2021 11:20;СЕМЕНА МАСЛИЧНЫХ КУЛЬТУР, НЕ ПОИМЕНОВАННЫЕ В АЛФАВИТЕ;01.03.2021 11:20;АМ 105967;;Годен;
159;59947614;131/се1;БТ;Да;;01.03.2021 11:20;Вагоны железнодорожные порожние, перевозимые на своих осях, пересылаемые в ремонт или из ремонта;02.03.2021 11:20;АМ 105967;;Годен;
160;53259545;131/се1;БТ;Да;;02.03.2021 11:20;ВАГОНЫ ЖЕЛЕЗНОДОРОЖНЫЕ ВСЯКИЕ, ПЕРЕВОЗИМЫЕ НА СВОИХ ОСЯХ;03.03.2021 11:20;АМ 105967;;Годен;
161;53260345;131/се1;БТ;Да;;03.03.2021 11:20;СЕМЕНА ЛЬНА;04.03.2021 11:20;АМ 105967;;Годен;
162;59948240;131/се1;БТ;Да;;04.03.2021 11:20;СЕМЕНА МАСЛИЧНЫХ КУЛЬТУР, НЕ ПОИМЕНОВАННЫЕ В АЛФАВИТЕ;05.03.2021 11:20;АМ 105967;;Годен;
163;59947101;131/се1;БТ;Да;;05.03.2021 11:20;ВАГОНЫ ЖЕЛЕЗНОДОРОЖНЫЕ ВСЯКИЕ, ПЕРЕВОЗИМЫЕ НА СВОИХ ОСЯХ;06.03.2021 11:20;АМ 105967;;Годен;
164;59948091;131/се1;БТ;Да;;06.03.2021 11:20;СЕМЕНА МАСЛИЧНЫХ КУЛЬТУР, НЕ ПОИМЕНОВАННЫЕ В АЛФАВИТЕ;07.03.2021 11:20;АМ 105967;;Годен;
165;59946749;131/се1;БТ;Да;;07.03.2021 11:20;"ЕТСНГ ""отсутствует"". Слежение: Dec 21 2012";08.03.2021 11:20;АМ 105967;;Годен;
166;53258984;131/се1;БТ;Да;;08.03.2021 11:20;Вагоны железнодорожные порожние, перевозимые на своих осях, пересылаемые для очистки, промывки или дезинфекции или из очистки, промывки или дезинфекции;09.03.2021 11:20;АМ 105967;;Годен;
167;59453506;131/се1;БТ;Да;;09.03.2021 11:20;Вагоны железнодорожные порожние, перевозимые на своих осях, пересылаемые для очистки, промывки или дезинфекции или из очистки, промывки или дезинфекции;10.03.2021 11:20;АМ 105967;;Годен;
168;55000806;131/се1;БТ;Да;;10.03.2021 11:20;ШРОТ КОРМОВОЙ, НЕ ПОИМЕНОВАННЫЙ В АЛФАВИТЕ;11.03.2021 11:20;АМ 105967;;Годен;
169;55000277;131/се1;БТ;Да;;11.03.2021 11:20;ВАГОНЫ ЖЕЛЕЗНОДОРОЖНЫЕ ВСЯКИЕ, ПЕРЕВОЗИМЫЕ НА СВОИХ ОСЯХ;12.03.2021 11:20;АМ 105967;;Годен;
170;59947846;131/се1;БТ;Да;;12.03.2021 11:20;ВАГОНЫ ЖЕЛЕЗНОДОРОЖНЫЕ ВСЯКИЕ, ПЕРЕВОЗИМЫЕ НА СВОИХ ОСЯХ;13.03.2021 11:20;АМ 105967;;Годен;
171;59946913;131/се1;БТ;Да;;13.03.2021 11:20;ВАГОНЫ ЖЕЛЕЗНОДОРОЖНЫЕ ВСЯКИЕ, ПЕРЕВОЗИМЫЕ НА СВОИХ ОСЯХ;14.03.2021 11:20;АМ 105967;;Годен;
172;55000467;131/се1;БТ;Да;;14.03.2021 11:20;СЕМЕНА МАСЛИЧНЫХ КУЛЬТУР, НЕ ПОИМЕНОВАННЫЕ В АЛФАВИТЕ;15.03.2021 11:20;АМ 105967;;Годен;
173;55000657;131/се1;БТ;Да;;15.03.2021 11:20;Вагоны железнодорожные порожние, перевозимые на своих осях, пересылаемые в ремонт или из ремонта;16.03.2021 11:20;АМ 105967;;Годен;
174;59946855;131/се1;БТ;Да;;16.03.2021 11:20;Вагоны железнодорожные порожние, перевозимые на своих осях, пересылаемые для очистки, промывки или дезинфекции или из очистки, промывки или дезинфекции;17.03.2021 11:20;АМ 105967;;Годен;
175;59452938;131/се1;БТ;Да;;17.03.2021 11:20;ЗЕРНО БОБОВ;18.03.2021 11:20;АМ 105967;;Годен;
176;59947499;131/се1;БТ;Да;;18.03.2021 11:20;Вагоны железнодорожные порожние, перевозимые на своих осях, пересылаемые для очистки, промывки или дезинфекции или из очистки, промывки или дезинфекции;19.03.2021 11:20;АМ 105967;;Годен;
177;55000772;131/се1;БТ;Да;;19.03.2021 11:20;ВАГОНЫ ЖЕЛЕЗНОДОРОЖНЫЕ ВСЯКИЕ, ПЕРЕВОЗИМЫЕ НА СВОИХ ОСЯХ;20.03.2021 11:20;АМ 105967;;Годен;
178;59453274;131/се1;БТ;Да;;20.03.2021 11:20;ВАГОНЫ ЖЕЛЕЗНОДОРОЖНЫЕ ВСЯКИЕ, ПЕРЕВОЗИМЫЕ НА СВОИХ ОСЯХ;21.03.2021 11:20;АМ 105967;;Годен;
179;59947937;131/се1;БТ;Да;;21.03.2021 11:20;ВАГОНЫ ЖЕЛЕЗНОДОРОЖНЫЕ ВСЯКИЕ, ПЕРЕВОЗИМЫЕ НА СВОИХ ОСЯХ;22.03.2021 11:20;АМ 105967;;Годен;
180;59947184;131/се1;БТ;Да;;22.03.2021 11:20;Вагоны железнодорожные порожние, перевозимые на своих осях, пересылаемые для очистки, промывки или дезинфекции или из очистки, промывки или дезинфекции;23.03.2021 11:20;АМ 105967;;Годен;
181;55000376;131/се1;БТ;Да;;23.03.2021 11:20;ВАГОНЫ ЖЕЛЕЗНОДОРОЖНЫЕ ВСЯКИЕ, ПЕРЕВОЗИМЫЕ НА СВОИХ ОСЯХ;24.03.2021 11:20;АМ 105967;;Годен;
182;55000681;131/се1;БТ;Да;;24.03.2021 11:20;ВАГОНЫ ЖЕЛЕЗНОДОРОЖНЫЕ ВСЯКИЕ, ПЕРЕВОЗИМЫЕ НА СВОИХ ОСЯХ;25.03.2021 11:20;АМ 105967;;Годен;
183;59947168;131/се1;БТ;Да;;25.03.2021 11:20;ВАГОНЫ ЖЕЛЕЗНОДОРОЖНЫЕ ВСЯКИЕ, ПЕРЕВОЗИМЫЕ НА СВОИХ ОСЯХ;26.03.2021 11:20;АМ 105967;;Годен;
184;53260337;131/се1;БТ;Да;;26.03.2021 11:20;Вагоны железнодорожные порожние, перевозимые на своих осях, пересылаемые для очистки, промывки или дезинфекции или из очистки, промывки или дезинфекции;27.03.2021 11:20;АМ 105967;;Годен;
185;53259073;131/се1;БТ;Да;;27.03.2021 11:20;ПШЕНИЦА;28.03.2021 11:20;АМ 105967;;Годен;
186;59946939;131/се1;БТ;Да;;28.03.2021 11:20;ВАГОНЫ ЖЕЛЕЗНОДОРОЖНЫЕ ВСЯКИЕ, ПЕРЕВОЗИМЫЕ НА СВОИХ ОСЯХ;29.03.2021 11:20;АМ 105967;;Годен;
187;53259453;131/се1;БТ;Да;;29.03.2021 11:20;ВАГОНЫ ЖЕЛЕЗНОДОРОЖНЫЕ ВСЯКИЕ, ПЕРЕВОЗИМЫЕ НА СВОИХ ОСЯХ;30.03.2021 11:20;АМ 105967;;Годен;
188;59947317;131/се1;БТ;Да;;30.03.2021 11:20;ПШЕНИЦА;31.03.2021 11:20;АМ 105967;;Годен;
189;55000293;131/се1;БТ;Да;;31.03.2021 11:20;ВАГОНЫ ЖЕЛЕЗНОДОРОЖНЫЕ ВСЯКИЕ, ПЕРЕВОЗИМЫЕ НА СВОИХ ОСЯХ;01.04.2021 11:20;АМ 105967;;Годен;
190;59452995;131/се1;БТ;Да;;01.04.2021 11:20;ПШЕНИЦА;02.04.2021 11:20;АМ 105967;;Годен;
191;55000483;131/се1;БТ;Да;;02.04.2021 11:20;ШРОТ КОРМОВОЙ, НЕ ПОИМЕНОВАННЫЙ В АЛФАВИТЕ;03.04.2021 11:20;АМ 105967;;Годен;
192;59947861;131/се1;БТ;Да;;03.04.2021 11:20;ОТРУБИ ПШЕНИЧНЫЕ;04.04.2021 11:20;АМ 105967;;Годен;
193;59947291;131/се1;БТ;Да;;04.04.2021 11:20;ВАГОНЫ ЖЕЛЕЗНОДОРОЖНЫЕ ВСЯКИЕ, ПЕРЕВОЗИМЫЕ НА СВОИХ ОСЯХ;05.04.2021 11:20;АМ 105967;;Годен;
194;59453316;131/се1;БТ;Да;;05.04.2021 11:20;ШРОТ КОРМОВОЙ, НЕ ПОИМЕНОВАННЫЙ В АЛФАВИТЕ;06.04.2021 11:20;АМ 105967;;Годен;
195;59947374;131/се1;БТ;Да;;06.04.2021 11:20;ВАГОНЫ ЖЕЛЕЗНОДОРОЖНЫЕ ВСЯКИЕ, ПЕРЕВОЗИМЫЕ НА СВОИХ ОСЯХ;07.04.2021 11:20;АМ 105967;;Годен;
196;59948141;131/се1;БТ;Да;;07.04.2021 11:20;ВАГОНЫ ЖЕЛЕЗНОДОРОЖНЫЕ ВСЯКИЕ, ПЕРЕВОЗИМЫЕ НА СВОИХ ОСЯХ;08.04.2021 11:20;АМ 105967;;Годен;
197;59947382;131/се1;БТ;Да;;08.04.2021 11:20;ВАГОНЫ ЖЕЛЕЗНОДОРОЖНЫЕ ВСЯКИЕ, ПЕРЕВОЗИМЫЕ НА СВОИХ ОСЯХ;09.04.2021 11:20;АМ 105967;;Годен;
198;59453217;131/се1;БТ;Да;;09.04.2021 11:20;ШРОТ КОРМОВОЙ, НЕ ПОИМЕНОВАННЫЙ В АЛФАВИТЕ;10.04.2021 11:20;АМ 105967;;Годен;
199;53259081;131/се1;БТ;Да;;10.04.2021 11:20;ВАГОНЫ ЖЕЛЕЗНОДОРОЖНЫЕ ВСЯКИЕ, ПЕРЕВОЗИМЫЕ НА СВОИХ ОСЯХ;11.04.2021 11:20;АМ 105967;;Годен;
200;59453175;131/се1;БТ;Да;;11.04.2021 11:20;ВАГОНЫ ЖЕЛЕЗНОДОРОЖНЫЕ ВСЯКИЕ, ПЕРЕВОЗИМЫЕ НА СВОИХ ОСЯХ;12.04.2021 11:20;АМ 105967;;Годен;
201;59453530;131/се1;БТ;Да;;12.04.2021 11:20;ВАГОНЫ ЖЕЛЕЗНОДОРОЖНЫЕ ВСЯКИЕ, ПЕРЕВОЗИМЫЕ НА СВОИХ ОСЯХ;13.04.2021 11:20;АМ 105967;;Годен;
202;53259305;131/се1;БТ;Да;;13.04.2021 11:20;ВАГОНЫ ЖЕЛЕЗНОДОРОЖНЫЕ ВСЯКИЕ, ПЕРЕВОЗИМЫЕ НА СВОИХ ОСЯХ;14.04.2021 11:20;АМ 105967;;Годен;
